"id","first_name","last_name","gender","phone_number"
1,"Kundan","Kushwaha","M","9876543210"
2,"Irshad","Khan","M","9876543211"
3,"Aman","Sharma","M","9876543212"
4,"Jyoti","Gupta","F","9876543213"
5,"Hars","Verma","M","9876543214"
6,"Kaushal","Yadav","M","9876543215"
7,"Niklesh","Singh","M","9876543216"
8,"Priya","Patel","F","9876543217"
9,"Ravi","Mehta","M","9876543218"
10,"Sneha","Iyer","F","9876543219"
11,"Kundan","Sharma","M","9876543220"
12,"Sohel","Khan","M","9876543221"
13,"Aman","Joshi","M","9876543222"
14,"Jyoti","Sharma","F","9876543223"
15,"Hars","Gupta","M","9876543224"
16,"Kaushal","Yadav","M","9876543225"
17,"Niklesh","Singh","M","9876543226"
18,"Pooja","Nair","F","9876543227"
19,"Amit","Sharma","M","9876543228"
20,"Riya","Rao","F","9876543229"
21,"Kundan","Kushwaha","M","9876543210"
22,"Naseem","Khan","M","9876543211"
23,"Aman","Sharma","M","9876543212"
24,"Jyoti","Gupta","F","9876543213"
25,"Hars","Verma","M","9876543214"
26,"Kaushal","Yadav","M","9876543215"
27,"Niklesh","Singh","M","9876543216"
28,"Aarti","Desai","F","9876543230"
29,"Ramesh","Reddy","M","9876543231"
30,"Neha","Gupta","F","9876543232"
31,"Kundan","Sharma","M","9876543210"
32,"Irshad","Khan","M","9876543211"
33,"Aman","Kumar","M","9876543212"
34,"Jyoti","Iyer","F","9876543213"
35,"Hars","Verma","M","9876543214"
36,"Kaushal","Yadav","M","9876543215"
37,"Niklesh","Singh","M","9876543216"
38,"Suresh","Patel","M","9876543233"
39,"Kavita","Joshi","F","9876543234"
40,"Kundan","Kushwaha","M","9876543210"
41,"Irshad","Khan","M","9876543211"
42,"Aman","Sharma","M","9876543212"
43,"Jyoti","Gupta","F","9876543213"
44,"Hars","Verma","M","9876543214"
45,"Kaushal","Yadav","M","9876543215"
46,"Niklesh","Singh","M","9876543216"
47,"Rohan","Mehta","M","9876543235"
48,"Shruti","Rao","F","9876543236"
49,"Kundan","Sharma","M","9876543210"
50,"Irshad","Khan","M","9876543211"
51,"Aman","Kumar","M","9876543212"
52,"Jyoti","Iyer","F","9876543213"
53,"Hars","Verma","M","9876543214"
54,"Kaushal","Yadav","M","9876543215"
55,"Niklesh","Singh","M","9876543216"
56,"Priyanka","Patel","F","9876543237"
57,"Rakesh","Reddy","M","9876543238"
58,"Nisha","Gupta","F","9876543239"
59,"Kundan","Kushwaha","M","9876543210"
60,"Irshad","Khan","M","9876543211"
61,"Aman","Sharma","M","9876543212"
62,"Jyoti","Gupta","F","9876543213"
63,"Hars","Verma","M","9876543214"
64,"Kaushal","Yadav","M","9876543215"
65,"Niklesh","Singh","M","9876543216"
66,"Sagar","Mehta","M","9876543240"
67,"Kriti","Joshi","F","9876543241"
68,"Kundan","Sharma","M","9876543210"
69,"Irshad","Khan","M","9876543211"
70,"Aman","Kumar","M","9876543212"
71,"Jyoti","Iyer","F","9876543213"
72,"Hars","Verma","M","9876543214"
73,"Kaushal","Yadav","M","9876543215"
74,"Niklesh","Singh","M","9876543216"
75,"Rohit","Patel","M","9876543242"
76,"Shruti","Rao","F","9876543243"
77,"Kundan","Kushwaha","M","9876543210"
78,"Irshad","Khan","M","9876543211"
79,"Aman","Sharma","M","9876543212"
80,"Jyoti","Gupta","F","9876543213"
81,"Hars","Verma","M","9876543214"
82,"Kaushal","Yadav","M","9876543215"
83,"Niklesh","Singh","M","9876543216"
84,"Pooja","Nair","F","9876543244"
85,"Ramesh","Reddy","M","9876543245"
86,"Neha","Gupta","F","9876543246"
87,"Kund an","Sharma","M","9876543210"
88,"Irshad","Khan","M","9876543211"
89,"Aman","Kumar","M","9876543212"
90,"Jyoti","Iyer","F","9876543213"
91,"Hars","Verma","M","9876543214"
92,"Kaushal","Yadav","M","9876543215"
93,"Niklesh","Singh","M","9876543216"
94,"Suresh","Patel","M","9876543247"
95,"Kavita","Joshi","F","9876543248"
96,"Kundan","Kushwaha","M","9876543210"
97,"Irshad","Khan","M","9876543211"
98,"Aman","Sharma","M","9876543212"
99,"Jyoti","Gupta","F","9876543213"
100,"Hars","Verma","M","9876543214"
101,"Kaushal","Yadav","M","9876543215"
102,"Niklesh","Singh","M","9876543216"
103,"Rohan","Mehta","M","9876543249"
104,"Shruti","Rao","F","9876543250"
105,"Kundan","Sharma","M","9876543210"
106,"Irshad","Khan","M","9876543211"
107,"Aman","Kumar","M","9876543212"
108,"Jyoti","Iyer","F","9876543213"
109,"Hars","Verma","M","9876543214"
110,"Kaushal","Yadav","M","9876543215"
111,"Niklesh","Singh","M","9876543216"
112,"Priyanka","Patel","F","9876543251"
113,"Rakesh","Reddy","M","9876543252"
114,"Nisha","Gupta","F","9876543253"
115,"Kundan","Kushwaha","M","9876543210"
116,"Irshad","Khan","M","9876543211"
117,"Aman","Sharma","M","9876543212"
118,"Jyoti","Gupta","F","9876543213"
119,"Hars","Verma","M","9876543214"
120,"Kaushal","Yadav","M","9876543215"
121,"Niklesh","Singh","M","9876543216"
122,"Sagar","Mehta","M","9876543254"
123,"Kriti","Joshi","F","9876543255"
124,"Kundan","Sharma","M","9876543210"
125,"Irshad","Khan","M","9876543211"
126,"Aman","Kumar","M","9876543212"
127,"Jyoti","Iyer","F","9876543213"
128,"Hars","Verma","M","9876543214"
129,"Kaushal","Yadav","M","9876543215"
130,"Niklesh","Singh","M","9876543216"
131,"Rohit","Patel","M","9876543256"
132,"Shruti","Rao","F","9876543257"
133,"Kundan","Kush waha","M","9876543210"
134,"Irshad","Khan","M","9876543211"
135,"Aman","Sharma","M","9876543212"
136,"Jyoti","Gupta","F","9876543213"
137,"Hars","Verma","M","9876543214"
138,"Kaushal","Yadav","M","9876543215"
139,"Niklesh","Singh","M","9876543216"
140,"Pooja","Nair","F","9876543258"
141,"Kundan","Kushwaha","M","9876543210"
142,"Irshad","Khan","M","9876543211"
143,"Aman","Sharma","M","9876543212"
144,"Jyoti","Gupta","F","9876543213"
145,"Hars","Verma","M","9876543214"
146,"Kaushal","Yadav","M","9876543215"
147,"Niklesh","Singh","M","9876543216"
148,"Priya","Patel","F","9876543217"
149,"Ravi","Mehta","M","9876543218"
150,"Sneha","Iyer","F","9876543219"
151,"Kundan","Sharma","M","9876543220"
152,"Irshad","Verma","M","9876543221"
153,"Aman","Joshi","M","9876543222"
154,"Jyoti","Sharma","F","9876543223"
155,"Hars","Gupta","M","9876543224"
156,"Kaushal","Yadav","M","9876543225"
157,"Niklesh","Singh","M","9876543226"
158,"Pooja","Nair","F","9876543227"
159,"Amit","Sharma","M","9876543228"
160,"Riya","Rao","F","9876543229"
161,"Kundan","Kushwaha","M","9876543210"
162,"Irshad","Khan","M","9876543211"
163,"Aman","Sharma","M","9876543212"
164,"Jyoti","Gupta","F","9876543213"
165,"Hars","Verma","M","9876543214"
166,"Kaushal","Yadav","M","9876543215"
167,"Niklesh","Singh","M","9876543216"
168,"Aarti","Desai","F","9876543230"
169,"Ramesh","Reddy","M","9876543231"
170,"Neha","Gupta","F","9876543232"
171,"Kundan","Sharma","M","9876543210"
172,"Irshad","Khan","M","9876543211"
173,"Aman","Kumar","M","9876543212"
174,"Jyoti","Iyer","F","9876543213"
175,"Hars","Verma","M","9876543214"
176,"Kaushal","Yadav","M","9876543215"
177,"Niklesh","Singh","M","9876543216"
178,"Suresh","Patel","M","9876543233"
179,"Kavita","Joshi","F","9876543234"
180,"Kundan","Kushwaha","M","9876543210"
181,"Irshad","Khan","M","9876543211"
182,"Aman","Sharma","M","9876543212"
183,"Jyoti","Gupta","F","9876543213"
184,"Hars","Verma","M","9876543214"
185,"Kaushal","Yadav","M","9876543215"
186,"Niklesh","Singh","M","9876543216"
187,"Rohan","Mehta","M","9876543235"
188,"Shruti","Rao","F","9876543236"
189,"Kundan","Sharma","M","9876543210"
190,"Irshad","Khan","M","9876543211"
191,"Aman","Kumar","M","9876543212"
192,"Jyoti","Iyer","F","9876543213"
193,"Hars","Verma","M","9876543214"
194,"Kaushal","Yadav","M","9876543215"
195,"Niklesh","Singh","M","9876543216"
196,"Priyanka","Patel","F","9876543237"
197,"Rakesh","Reddy","M","9876543238"
198,"Nisha","Gupta","F","9876543239"
199,"Kundan","Kushwaha","M","9876543210"
200,"Abhishek","Kumar","F","8957057409"
